{"species":"Mahoni","keliling":155.8,"jumlah_sensor":8,"ketinggian":1,
"data_pengukuran": [
    [
        0.0,
        4592.9189453125,
        8498.826171875,
        11086.900390625,
        12007.5048828125,
        11092.447265625,
        8506.5478515625,
        4664.9453125
    ],
    [
        4594.0673828125,
        0.0,
        4592.48828125,
        8488.7294921875,
        11093.48828125,
        12031.5830078125,
        11103.208984375,
        8488.19921875
    ],
    [
        8485.8115234375,
        4664.056640625,
        0.0,
        4660.80224609375,
        8485.8115234375,
        11093.140625,
        12000.0,
        11120.2626953125
    ],
    [
        11093.48828125,
        8610.1279296875,
        4592.775390625,
        0.0,
        4593.0625,
        8521.765625,
        11090.0205078125,
        12019.908203125
    ],
    [
        12013.1396484375,
        11091.75390625,
        8495.369140625,
        4593.2060546875,
        0.0,
        4593.7802734375,
        8490.587890625,
        11101.4716796875
    ],
    [
        11251.458984375,
        12003.7509765625,
        11088.98046875,
        8486.607421875,
        4661.689453125,
        0.0,
        4663.61279296875,
        8487.4033203125
    ],
    [
        8614.7724609375,
        11086.5546875,
        12025.9306640625,
        11091.4072265625,
        8489.7919921875,
        4663.7607421875,
        0.0,
        4596.654296875
    ],
    [
        4607.60791015625,
        8616.958984375,
        11088.98046875,
        12183.5146484375,
        11091.75390625,
        8528.724609375,
        4663.7607421875,
        0.0
    ]
  ]}